time,open,high,low,close,Volume
1597152600,14.199,14.54285,13.479,13.489,3338920
1597239000,13.502,14.075,13.502,13.704,1807220
1597325400,13.848,13.9345,13.685,13.7,752160
1597411800,13.762,14.675,13.75,14.663,2857870
1597671000,14.801,15.17,14.184,14.384,2295090
1597757400,14.444,14.598,14.175,14.314,1218240
1597843800,14.339,14.339,13.9715,14.167,1560090
1597930200,14.175,14.506,14.175,14.414,1006740
1598016600,14.44,14.592,14.354,14.508,734640
1598275800,14.65,14.928,14.536,14.858,879930
1598362200,14.87,15.029,14.655,14.696,1165050
1598448600,14.868,14.896,14.5765,14.606,820040
1598535000,14.733,14.762,14.414,14.652,760870
1598621400,14.749,15.046,14.668,14.689,838570
1598880600,14.726,14.79604,14.399,14.444,802910
1598967000,14.501,14.9105,14.501,14.882,863490
1599053400,14.846,15.123,14.774,15.0,1004830
1599139800,14.875,14.875,14.391,14.428,789950
1599226200,14.441,14.441,13.689,14.219,1248270
1599571800,14.061,14.315,13.882,13.882,883910
1599658200,13.983,14.2355,13.9,14.115,1407420
1599744600,14.172,14.309,13.944,13.972,1486610
1599831000,14.087,14.1405,13.884,14.113,1164030
1600090200,14.163,14.304,14.021,14.262,695050
1600176600,14.5,15.599,14.381,15.575,2621230
1600263000,15.894,17.65597,15.775,17.49,4596690
1600349400,17.34,17.34,16.259,16.361,1798000
1600435800,16.552,16.6169,15.744,15.959,3469670
1600695000,15.77,15.77,14.9205,15.216,1597000
1600781400,15.337,15.465,14.93869,15.425,896600
1600867800,15.38,15.477,14.811,14.828,1116530
1600954200,14.738,14.806,14.46,14.606,1221850
1601040600,14.617,14.696,14.499,14.613,1692740
1601299800,14.845,15.341,14.845,15.146,1443970
1601386200,15.067,15.11,14.808,14.969,623970
1601472600,15.022,15.307,14.986,15.056,823790
1601559000,15.066,15.271,14.855,14.896,694170
1601645400,14.632,14.995,14.516,14.646,1102680
1601904600,14.773,14.974,14.69,14.821,495430
1601991000,14.932,15.43539,14.923,15.004,912340
1602077400,15.1,15.344,15.0825,15.309,517800
1602163800,15.533,16.47899,15.533,16.394,1679740
1602250200,16.459,16.553,16.065,16.473,1020610
1602509400,16.716,16.94,16.43,16.646,881520
1602595800,16.56,16.654,16.403,16.608,585630
1602682200,16.639,16.784,16.28,16.424,539520
1602768600,16.243,16.687,16.233,16.597,531030
1602855000,16.598,16.736,16.469,16.47,384910
1603114200,16.56,16.768,16.343,16.414,873030
1603200600,16.456,17.235,16.404,16.907,3116100
1603287000,17.489,18.575,17.489,18.105,2735270
1603373400,18.549,18.621,17.8,18.305,1783260
1603459800,18.327,18.497,18.11904,18.43,1203880
1603719000,18.448,18.7,17.253,17.5,1688130
1603805400,17.603,17.9,17.253,17.558,1706700
1603891800,18.0,18.24527,16.16,16.215,3873730
1603978200,16.239,16.707,16.173,16.196,1836670
1604064600,16.196,16.725,15.954,16.707,2360740
1604327400,16.891,16.923,16.25,16.657,1256550
1604413800,16.976,17.261,16.778,17.195,910040
1604500200,17.295,17.836,17.144,17.253,1103540
1604586600,17.85,18.3601,17.78506,18.168,1731550
1604673000,18.379,18.618,17.75,18.562,1584960
1604932200,18.399,18.727,18.174,18.5005,3110780
1605018600,18.458,18.969,18.4,18.614,1695470
1605105000,18.816,19.322,18.725,19.216,1330400
1605191400,19.536,19.608,18.564,18.694,1771690
1605277800,18.848,19.391,18.656,19.227,1649180
1605537000,19.433,20.43699,19.22075,20.393,2020280
1605623400,20.415,20.968,19.956,20.82,1963000
1605709800,21.179,22.685,21.179,21.296,3780410
1605796200,21.2,21.897,20.911,21.711,1432740
1605882600,21.742,22.7,21.62,22.211,2120540
1606141800,22.7,22.7,21.437,22.076,2011150
1606228200,22.57,24.8835,22.241,24.723,11249750
1606314600,25.43,27.722,25.202,27.0275,8851140
1606487400,25.5,28.0,25.35106,27.126,5619020
1606746600,30.03,34.75,29.9,34.277,15650140
1606833000,32.4,35.894,31.686,32.4,7994100
1606919400,32.3,33.0,31.054,32.132,4080880
1607005800,32.784,33.279,32.206,33.16,2544130
1607092200,32.66184,33.721,31.738,32.8,2967860
1607351400,33.007,34.972,32.553,33.622,3539950
1607437800,31.7,31.8,28.81101,28.945,14912360
1607524200,28.412,29.114,27.409,28.621,13241360
1607610600,28.517,29.177,28.238,29.033,5052300
1607697000,28.995,29.5253,27.944,28.592,3758830
1607956200,29.893,30.0,27.638,27.953,8305790
1608042600,28.371,28.983,27.73901,28.579,5410280
1608129000,31.27,31.5,29.8,29.912,11191800
1608215400,32.1,32.2325,29.329,29.78,12493030
1608301800,29.5,30.4,28.717,30.12,13231450
1608561000,29.763,32.2,29.502,31.76,7129070
1608647400,32.699,33.593,32.037,33.15,6421770
1608733800,33.467,34.32,32.516,33.718,5940570
1608820200,33.7,33.88279,32.036,32.261,2526130
1609165800,36.729,37.999,35.402,37.0,10977120
1609252200,36.7,37.124,34.4,36.607,7351730
1609338600,37.7,39.982,37.1,38.997,9352410
1609425000,39.102,39.99798,37.7115,38.855,7396120
1609770600,41.633,44.439,41.001,42.522,14679020
1609857000,42.105,43.84,40.65101,42.863,11006240
1609943400,43.084,48.30199,43.084,48.055,15360310
1610029800,52.132,55.98599,50.211,53.575,22844050
1610116200,56.507,56.866,51.3315,53.164,16453870
1610375400,47.214,51.19845,46.451,49.549,14856440
1610461800,50.278,51.995,48.851,51.424,6717660
1610548200,50.073,52.399,49.234,51.926,6174580
1610634600,54.261,63.16,53.86234,63.1,19117760
1610721000,60.71,62.284,57.4,57.807,16088990
1611066600,61.653,62.145,57.90001,59.221,10377700
1611153000,57.925,58.9,53.2,55.082,12316610
1611239400,51.405,53.255,50.46,52.046,11784700
1611325800,52.501,58.25,52.5,57.703,11332760
1611585000,59.03,59.90808,55.114,57.142,6833520
1611671400,55.5,56.46484,54.6,55.981,4789170
1611757800,53.323,54.9465,50.57,54.01,6563770
1611844200,56.13,60.533,55.151,57.8375,7630460
1611930600,68.0,69.64763,60.75001,61.731,14354190
1612189800,62.034,63.986,58.60501,63.456,5555000
1612276200,65.001,69.128,63.817,68.792,5342780
1612362600,70.164,75.383,69.599,74.119,9211890
1612449000,77.09,77.12282,71.75,76.559,6365030
1612535400,77.118,80.601,74.502,80.6,7666720
1612794600,92.583,104.99999,89.001,104.1,20997740
1612881000,113.774,131.5,106.5407,127.294,23197090
1612967400,119.601,119.9,95.036,97.448,22972540
1613053800,113.72,113.992,97.702,100.994,16131560
1613140200,101.559,104.4889,96.101,103.431,7674280
1613485800,107.084,108.25678,95.423,95.5,15017200
1613572200,93.95,95.4,87.8,94.18,18192320
1613658600,92.69,96.0,90.206,92.778,7943510
1613745000,94.5,100.8,91.459,96.372,11530630
1614004200,87.1,93.228,86.5,87.6,7659210
1614090600,80.001,80.1575,66.0,69.123,18754950
1614177000,73.4,82.2145,71.58801,81.769,12004830
1614263400,84.094,84.5,72.61001,73.161,7840610
1614349800,68.712,80.406,68.114,75.041,11783600
1614609000,79.84,80.49999,75.888,78.244,7680380
1614695400,81.51,81.74864,74.10721,74.85,6439860
1614781800,78.178,79.8,72.781,73.157,7720600
1614868200,71.298,73.799,61.00001,64.566,12206140
1614954600,65.765,66.3,53.722,62.024,13547510
1615213800,64.501,66.9455,61.7,62.419,6721080
1615300200,68.657,73.548,68.175,71.599,8736120
1615386600,75.0,75.903,71.1,75.655,6430180
1615473000,77.5,80.5,76.11271,80.375,5284900
1615559400,75.98,81.0,75.003,78.4,4675520
1615815000,78.833,80.9,76.3665,76.901,4407090
1615901400,75.879,77.0,70.14328,72.429,4151180
1615987800,70.223,78.507,69.827,77.099,5431670
1616074200,75.452,80.899,72.801,73.205,6218900
1616160600,74.953,78.527,71.45391,77.704,9565320
1616419800,76.72,77.5,72.15,72.456,4988100
1616506200,71.681,73.53513,67.001,67.721,7168580
1616592600,70.532,71.04996,61.522,62.157,7068250
1616679000,58.0695,62.6415,56.6,62.091,8815840
1616765400,62.6,64.23,60.038,62.4,5241380
1617024600,65.886,66.293,62.723,63.134,4431140
1617111000,64.246,66.67999,62.031,65.398,5625730
1617197400,64.761,69.421,64.138,67.88,5614520
1617283800,68.846,72.583,68.74575,70.356,4023920
1617629400,70.975,73.6035,69.329,72.055,4858780
1617715800,72.119,72.119,67.69901,70.458,5936600
1617802200,67.8,69.55662,65.2,65.62,4522420
1617888600,67.07,70.27124,66.43837,69.012,4361170
1617975000,70.999,72.0,68.94595,71.1,3446770
1618234200,73.519,74.594,70.485,71.824,4812220
1618320600,74.5,86.999,73.47901,84.854,17021780
1618407000,88.098,88.21,73.0,73.55,15824940
1618493400,75.317,75.49401,70.9,74.015,6863360
1618579800,70.71,72.0,68.5,69.362,7627930
1618839000,65.004,66.5,62.35,63.752,8798870
1618925400,63.9,64.8,61.4,64.645,5524040
1619011800,62.84,66.546,62.84,65.046,4179340
1619098200,64.201,65.05,59.4,59.82,7152860
1619184600,57.589,61.84,56.9,61.304,6618920
1619443800,63.676,65.98,62.8,65.882,4791030
1619530200,67.3,68.49999,65.5,67.699,5112980
1619616600,67.36,68.9,66.55,68.082,2972810
1619703000,66.5,67.5,63.791,65.501,4397460
1619789400,64.702,67.5,64.632,65.716,5596910
1620048600,67.397,67.397,63.439,63.562,4644910
1620135000,61.95103,62.8,59.8888,61.688,5146250
1620221400,63.0,65.199,60.89001,62.345,4974750
1620307800,61.288,62.27699,58.701,60.908,3551950
1620394200,60.897,63.18,60.833,62.046,3635270
1620653400,61.586,61.586,56.647,56.946,5226850
1620739800,53.5,58.499,52.52801,57.696,6629500
1620826200,55.628,57.78,53.864,54.188,4216480
1620912600,51.12,54.297,47.80701,48.808,9391400
1620999000,50.126,52.362,49.2,52.131,5616380
1621258200,48.4,49.95103,46.88801,48.935,8046070
1621344600,48.891,50.426,47.057,48.72,5982290
1621431000,42.285,45.849,41.15801,45.486,15054230
1621517400,47.766,49.3,45.728,47.266,8614180
1621603800,47.173,48.76699,44.777,45.052,8530430
1621863000,46.5,47.826,44.72493,47.245,7574830
1621949400,46.4,47.988,45.82101,46.967,6722340
1622035800,47.734,49.599,47.654,48.279,5425620
1622122200,49.2,50.20605,48.50654,49.385,5039440
1622208600,48.2,48.292,46.764,47.0,4858770
1622554200,47.124,48.466,46.898,47.776,4324700
1622640600,48.3,50.13,47.872,49.85,3529700
1622727000,50.12,50.198,48.4,48.864,3954760
1622813400,48.17,48.599,47.4,48.467,3171760
1623072600,48.25,48.855,46.407,46.981,6103930
1623159000,45.8,46.189,42.793,45.938,10917020
1623245400,47.0,51.567,45.55901,51.299,14822300
1623331800,51.239,52.987,49.59101,50.865,9537150
1623418200,51.3,52.097,50.4,51.644,5003710
1623677400,54.4,60.569,54.4,59.849,15572850
1623763800,60.205,63.582,58.917,63.054,13100270
1623850200,61.665,63.988,60.884,61.982,10394960
1623936600,61.74,64.2,61.255,63.081,8847590
1624023000,61.6,64.765,61.55204,64.646,15437170
1624282200,59.917,61.4,57.70001,58.367,13780560
1624368600,53.501,56.42,51.30201,55.372,25669870
1624455000,57.948,58.656,55.1225,55.3,10557510
1624541400,57.0,59.0,56.10001,58.188,7934570
1624627800,56.746,57.121,53.981,55.005,10046650
1624887000,57.033,62.951,56.58669,62.417,17297750
1624973400,65.0,69.299,64.7,66.899,16136250
1625059800,64.501,66.9,63.743,66.45,8589180
1625146200,65.059,65.724,63.712,65.086,5873530
1625232600,65.897,66.192,63.426,63.561,5286080
1625578200,65.208,65.352,62.129,63.429,4862190
1625664600,64.5,64.717,62.3213,63.986,4511020
1625751000,60.3,62.52724,59.469,61.844,5180280
1625837400,62.19,63.593,61.52,62.866,3939610
1626096600,63.225,63.242,58.521,58.869,8262540
1626183000,58.557,59.7,57.295,57.988,7175620
1626269400,58.5,59.044,56.041,56.043,6274620
1626355800,54.7,55.995,52.507,54.104,7337780
1626442200,54.39,54.638,52.05201,52.309,6090550
1626701400,50.766,52.249,49.2,49.872,7287290
1626787800,48.799,50.5875,47.23801,50.178,7345010
1626874200,54.0,56.9812,52.827,55.694,10994450
1626960600,55.542,56.806,53.501,55.594,7111990
1627047000,55.842,56.589,53.33906,53.971,5748900
1627306200,62.1,69.5,62.026,68.25,20169070
1627392600,66.375,67.751,62.227,63.061,9698650
1627479000,66.395,67.7,63.2195,64.665,10824590
1627565400,64.193,64.86,61.937,62.501,5795460
1627651800,61.557,63.548,60.691,62.601,6325980
1627911000,62.259,65.9,61.50901,63.779,12550560
1627997400,63.462,63.462,60.513,62.506,8444240
1628083800,63.028,67.5,63.001,67.093,10014610
1628170200,64.35854,72.968,63.37038,71.562,11665390
1628256600,72.0,75.099,70.13,74.872,13120310
1628515800,79.63113,79.79999,76.27,76.773,14213490
1628602200,76.663,77.70151,74.418,75.049,7967180
1628688600,76.224,77.08799,74.011,74.749,7282940
1628775000,72.472,73.08,71.24001,72.099,7207110
1628861400,74.5,75.389,72.61,72.8,6573570
1629120600,74.0,74.1,69.221,69.751,6727850
1629207000,69.107,70.0,65.748,66.369,6615120
1629293400,65.912,67.8,65.268,65.505,5472690
1629379800,64.634,67.86,64.143,67.626,6727260
1629466200,68.617,72.79899,68.30101,71.656,9820610
1629725400,74.19,74.77799,71.006,71.851,8138490
1629811800,71.793,71.793,69.12201,71.55,8113500
1629898200,71.465,73.51,70.5,72.671,6648690
1629984600,71.2,71.45,69.155,69.366,5714500
1630071000,69.95,72.109,69.505,70.72,8108760
1630330200,70.259,70.832,69.397,70.299,5287620
1630416600,70.233,70.5,68.709,69.43,5307240
1630503000,70.0,71.69999,69.101,70.25,8252350
1630589400,72.289,73.26599,69.5,69.571,7360010
1630675800,71.61,72.8,70.35,71.226,7380230
1631021400,69.9,70.2,64.478,64.801,18091800
1631107800,64.81,65.894,63.063,63.862,8218440
1631194200,64.51,65.38207,63.238,64.062,6506990
1631280600,63.815,64.436,61.203,61.557,6829420
1631539800,60.9,64.273,60.03113,64.27,9330590
1631626200,64.5,65.10138,61.292,61.848,5726430
1631712600,62.8,64.23699,62.05112,63.3,5648500
1631799000,63.212,63.323,61.148,63.3,5106760
1631885400,63.3,63.45299,61.203,61.429,21566330
1632144600,57.442,59.30999,56.829,58.839,7755170
1632231000,58.887,59.422,57.6,58.102,4633140
1632317400,58.935,60.497,58.4797,59.961,3781060
1632403800,60.673,61.776,59.86661,61.657,3975870
1632490200,58.0,60.23299,57.5,59.939,4683390
1632749400,60.325,60.6,58.97301,59.475,2755580
1632835800,58.525,58.99999,57.158,57.351,3382430
1632922200,58.071,58.647,56.526,56.632,2928430
1633008600,58.212,59.735,57.44,57.84,3172000
1633095000,61.561,61.561,59.226,61.246,5111670
1633354200,61.148,61.363,58.279,60.725,4355210
1633440600,62.032,65.251,61.28001,65.101,4490270
1633527000,67.0,68.23899,65.0,67.381,7123120
1633613400,66.5,69.38352,66.368,69.279,5028590
1633699800,69.917,71.27899,69.049,70.882,6862420
1633959000,72.0,75.19924,71.825,73.18,5771430
1634045400,72.844,73.96228,70.19401,71.065,4133090
1634131800,71.0,72.741,70.349,72.63,2921190
1634218200,73.867,74.09161,71.854,72.395,2798690
1634304600,73.999,76.19799,73.4,74.985,7322730
1634563800,74.8,75.738,73.80786,73.964,5830250
1634650200,74.22481,75.06995,70.101,72.725,7485910
1634736600,73.5,77.707,73.157,75.818,7379360
1634823000,75.287,75.95259,72.957,73.543,4652960
1634909400,73.143,73.85,70.7,71.852,3685640
1635168600,73.645,75.5485,73.3,74.602,3807340
1635255000,74.032,75.4714,73.246,73.486,3231860
1635341400,72.0,72.882,70.958,71.502,3647300
1635427800,72.894,74.80202,70.8,71.713,6713850
1635514200,72.41,73.718,69.141,71.506,6983120
1635773400,72.1,74.5265,71.119,73.612,4407710
1635859800,75.696,84.1,74.1,79.414,14874270
1635946200,78.159,81.7634,77.817,81.025,6658760
1636032600,81.0,82.87422,79.0,80.0,3768490
1636119000,80.387,81.205,77.91,79.751,6187970
1636381800,84.199,87.3185,84.028,86.0,7177970
1636468200,88.45,89.13799,83.501,85.901,5312120
1636554600,88.0,88.0,80.368,81.634,5571660
1636641000,81.233,83.704,80.7,81.836,2881250
1636727400,81.102,81.25799,78.58567,81.173,4632420
1636986600,81.996,81.996,78.13401,79.5,3914780
1637073000,76.85,77.99978,74.84132,75.202,4937230
1637159400,76.36,76.5,73.7,75.3,3575580
1637245800,75.051,75.051,71.697,72.736,5013420
1637332200,73.512,73.9,71.8,71.831,4345930
1637591400,72.471,72.581,68.839,69.002,4001950
1637677800,69.427,70.899,68.073,69.677,3462660
1637764200,68.8,70.399,68.1,70.09,5555000
1637937000,68.129,68.129,65.5,66.3,3722110
1638196200,69.0,70.452,67.132,69.548,5869580
1638282600,69.825,72.66,69.0,72.143,6640030
1638369000,73.264,74.399,70.0,70.547,7659450
1638455400,69.152,71.185,66.706,68.336,4995330
1638541800,67.593,68.38937,61.624,63.099,8091270
1638801000,59.492,60.401,56.573,59.647,6395880
1638887400,62.1,64.71899,62.1,62.817,3965360
1638973800,62.367,64.15,61.20001,63.654,2270420
1639060200,62.15,62.5275,58.744,59.188,3760840
1639146600,61.361,61.953,58.135,60.084,3513700
1639405800,59.495,59.499,56.55601,57.164,3757930
1639492200,56.5,58.45,55.654,58.038,3645850
1639578600,57.761,60.3,54.8,59.859,5288870
1639665000,59.572,60.20785,55.966,56.694,4017540
1639751400,55.355,58.084,52.881,57.158,7467670
1640010600,55.282,56.3645,54.3,54.639,3438310
1640097000,56.77,57.476,55.678,56.75,2826570
1640183400,56.836,57.85199,56.2,56.999,2713520
1640269800,56.83,59.99999,56.301,59.721,5451070
1640615400,60.0,62.15166,59.84,60.828,3128900
1640701800,59.0,59.02343,56.26201,56.797,3459740
1640788200,56.696,56.9855,55.124,55.609,2771070
1640874600,55.588,57.545,55.588,56.234,3164190
1640961000,56.69,57.5,54.3325,54.449,3363340
1641220200,55.061,56.133,54.3,55.826,3468500
1641306600,56.015,57.626,53.502,55.107,3947270
1641393000,54.176,55.251,50.749,50.91,5470290
1641479400,50.0,50.85,47.7815,49.862,4845090
1641565800,49.09,50.0,47.121,48.295,4258300
1641825000,46.369,48.226,44.825,48.195,5599250
1641911400,48.23,51.308,47.417,50.656,4741700
1641997800,52.4,52.99799,51.072,51.464,3622560
1642084200,52.185,52.76899,48.7512,48.959,3250880
1642170600,48.417,50.26199,48.18351,49.956,2645240
1642516200,48.48,48.956,46.6615,46.828,4091830
1642602600,48.279,49.199,45.8463,46.042,4224250
1642689000,46.709,49.087,45.55,45.753,4392580
1642775400,42.284,43.4075,36.5985,37.589,15706930
1643034600,32.0,37.3,31.9005,37.045,15060920
1643121000,36.999,37.94,35.5,36.505,8319400
1643207400,39.36603,39.36603,34.595,35.365,7891780
1643293800,36.0,36.0,31.759,31.945,8737400
1643380200,32.869,34.21,30.719,33.895,8143280
1643639400,33.788,37.0795,33.29501,36.801,7629500
1643725800,38.286,39.095,36.26885,37.3,6405930
1643812200,36.674,36.869,33.60358,34.884,7402090
1643898600,34.0,35.6845,33.196,34.009,5535980
1643985000,34.076,39.858,33.974,39.164,9440010
1644244200,40.45118,43.33297,40.4,41.347,10873800
1644330600,40.875,42.673,40.3475,42.543,4889110
1644417000,43.0,44.66,42.22,44.66,3988570
1644503400,43.95,46.304,42.4535,43.148,6236070
1644589800,43.011,44.365,40.55,41.101,4971700
1644849000,41.47,42.94899,40.5,40.949,3424340
1644935400,43.101,43.8276,42.4495,43.724,3144770
1645021800,42.852,43.751,41.603,43.498,3304470
1645108200,42.023,42.33,40.188,40.46,3753480
1645194600,40.459,40.746,38.522,39.597,4694200
1645540200,37.58142,39.0,36.804,37.77,4672350
1645626600,39.05,39.32,36.3,36.503,3655790
1645713000,34.024,39.94,33.684,39.696,7312570
1645799400,40.3,41.2,39.258,40.5,4069940
1646058600,40.157,44.71245,40.157,44.3,5982230
1646145000,46.512,47.3048,44.969,46.473,6571430
1646231400,45.482,46.969,45.09251,45.929,4028040
1646317800,45.51,46.01497,42.612,42.87,3184330
1646404200,42.5,43.362,40.706,41.036,3410610
1646663400,41.51,42.5,38.843,38.891,4721650
1646749800,39.498,42.5,39.361,41.036,4431910
1646836200,44.2,45.445,43.42365,43.675,4581380
1646922600,41.5,42.29799,40.64688,42.113,2919890
1647009000,42.7,42.918,39.04868,39.082,3538770
1647264600,38.995,39.288,36.391,36.993,4931900
1647351000,36.907,39.615,36.32001,39.614,3780140
1647437400,40.017,42.949,39.8745,42.878,5693880
1647523800,42.798,44.21,42.5,43.409,3397870
1647610200,43.582,45.69,43.192,45.428,7103760
1647869400,45.107,45.45,43.02944,43.648,3502360
1647955800,45.016,46.77,44.883,45.995,4343940
1648042200,45.516,47.0305,44.7,45.069,2536490
1648128600,45.966,48.4735,45.1,48.392,4389960
1648215000,49.37,49.39337,46.0935,47.242,4126750
1648474200,49.604,51.233,48.8,51.0,4265230
1648560600,51.0,52.28028,49.53689,52.0,3638740
1648647000,50.62,51.6,49.70401,50.069,2783950
1648733400,50.493,50.65509,48.561,48.632,3329570
1648819800,48.956,49.8,47.88,49.098,2707780
1649079000,49.172,50.33,48.855,50.126,2668070
1649165400,50.857,50.857,47.122,48.728,4540430
1649251800,47.292,47.685,44.7595,45.511,4306780
1649338200,45.55,46.77,44.6,46.361,3426710
1649424600,45.908,47.06,45.281,45.324,2748540
1649683800,44.122,44.7505,42.503,43.639,3566830
1649770200,44.8,47.607,43.749,44.345,4922670
1649856600,44.125,46.659,44.125,46.358,2613130
1649943000,46.402,46.975,44.64301,44.919,2567010
1650288600,44.78,45.216,43.131,44.589,2522580
1650375000,45.0,47.117,44.3,47.114,2847760
1650461400,47.66,47.728,44.645,44.903,2820800
1650547800,46.102,47.187,42.5805,42.786,4163030
1650634200,42.492,43.698,40.8,40.908,3542700
1650893400,40.508,42.8,40.398,42.8,3293110
1650979800,42.6,42.7435,39.03401,39.101,3749040
1651066200,39.32,40.596,38.365,38.578,3072710
1651152600,39.3,40.406,36.965,40.049,4053300
1651239000,39.3,41.0,35.3,35.417,5479780
1651498200,35.601,36.95299,34.371,36.591,5160050
1651584600,36.4,36.894,34.009,34.34,4751970
1651671000,35.001,36.862,32.525,36.644,8104430
1651757400,35.662,35.7335,30.56,31.452,8594210
1651843800,30.906,31.0,28.2545,29.424,12083840
1652103000,27.125,27.125,21.412,21.905,19280310
1652189400,23.959,24.952,20.837,22.552,17050600
1652275800,20.0,21.776,16.5,16.82,36187640
1652362200,15.319,20.52622,13.409,17.118,46929100
1652448600,20.206,22.0,19.3295,20.457,25233570
1652707800,20.0,20.8405,19.301,20.151,10088960
1652794200,21.0,22.596,20.504,22.487,10170550
1652880600,21.688,22.38809,19.554,19.744,9952570
1652967000,20.479,22.032,19.8049,21.077,8014850
1653053400,21.452,21.94899,18.9,20.275,9193010
1653312600,21.164,21.5,19.83,20.437,8984500
1653399000,20.06,20.133,18.44,19.301,8066760
1653485400,19.073,20.343,19.029,19.812,5390640
1653571800,18.022,22.071,17.61,21.61,9678470
1653658200,22.028,23.387,21.28,21.939,9705870
1654003800,23.517,27.288,22.852,26.469,15526960
1654090200,26.135,26.7,23.3,23.814,8710420
1654176600,23.282,25.08,23.18177,24.446,5960210
1654263000,23.938,23.938,22.355,22.722,4992260
1654522200,24.395,24.877,23.236,23.544,5853770
1654608600,22.17,24.24916,21.8081,24.0,6666690
1654695000,23.688,24.699,23.21943,23.289,3107770
1654781400,23.133,23.35259,21.63607,21.776,5242830
1654867800,21.189,21.386,19.78,20.336,7849910
1655127000,14.931,16.798,14.39,15.215,36774720
1655213400,14.901,16.868,14.53,15.687,18926260
1655299800,16.025,17.688,15.61,17.134,18770150
1655386200,16.087,16.70346,15.446,16.134,11403370
1655472600,15.803,16.856,15.751,16.76,12301670
1655818200,17.094,19.48223,16.998,17.896,11347020
1655904600,17.725,18.7,16.828,17.091,7515250
1655991000,17.7,18.903,16.893,18.831,6690750
1656077400,19.5,20.799,19.4,20.544,9964550
1656336600,20.251,20.6125,18.499,19.673,7685420
1656423000,19.764,20.37,18.471,18.612,6345710
1656509400,18.03,18.423,17.251,17.969,7620990
1656595800,17.28,17.542,16.273,16.43,7791870
1656682200,16.797,17.217,16.139,16.677,7855090
1657027800,16.584,18.8385,16.002,18.768,8114260
1657114200,18.576,19.3585,18.317,18.83,6359740
1657200600,19.07,22.052,18.98203,21.951,11958440
1657287000,21.312,23.62805,20.668,22.128,11522790
1657546200,21.035,21.33,19.8,20.09,6977620
1657632600,19.652,20.335,18.815,19.252,5886170
1657719000,18.675,20.327,18.2445,19.555,5641000
1657805400,19.329,20.54794,18.688,20.459,7227930
1657891800,20.9,21.419,20.229,21.398,4886800
1658151000,23.012,24.6565,22.425,22.563,10675760
1658237400,23.943,26.88,23.033,26.717,11809760
1658323800,27.85,29.95,27.151,28.877,16178810
1658410200,27.904,29.05,27.138,28.971,8099800
1658496600,29.406,29.80431,27.392,28.192,6542910
1658755800,26.702,27.56,26.201,26.586,4825630
1658842200,24.883,25.598,23.568,23.764,6626280
1658928600,24.728,26.815,24.125,26.24,7089020
1659015000,26.0,27.682,25.556,27.572,5934160
1659101400,27.0,28.797,26.757,28.606,6156810
1659360600,27.653,28.75,27.146,27.574,5202630
1659447000,28.089,29.524,27.574,27.826,6061000
1659533400,28.376,32.455,28.34115,31.368,12502380
1659619800,31.989,33.223,30.453,30.931,8922350
1659706200,30.874,33.097,30.544,31.915,6913550
1659965400,33.565,35.194,32.7445,33.001,6206550
1660051800,32.0,32.6531,31.425,31.938,3267930
1660138200,34.7,34.7,32.75,33.58,5381410
1660224600,35.5,36.197,33.006,33.699,6053900
1660311000,33.699,35.33,33.1,35.284,4254500
1660570200,34.646,35.83218,34.50001,34.908,3049850
1660656600,34.448,35.02699,33.026,34.264,3379400
1660743000,33.5,33.8,32.014,32.52,3292260
1660829400,32.103,32.8,31.843,32.438,2445760
1660915800,29.942,30.395,28.176,28.3,7574650
1661175000,27.301,27.9685,26.608,26.809,4506640
1661261400,27.19,28.327,25.88329,26.58,5319190
1661347800,26.57,27.671,26.398,27.441,2485080
1661434200,27.786,28.04599,26.7185,27.281,2764130
1661520600,27.5,27.5,24.8,24.92,6048990
1661779800,24.137,25.4198,24.111,24.496,4927790
1661866200,25.004,25.3,23.501,24.023,4948570
1661952600,24.827,25.15,22.271,23.156,9373990
1662039000,22.001,22.855,21.329,22.092,5680610
1662125400,22.61,22.775,21.565,21.806,4238420
1662471000,21.853,22.0,20.29,20.425,8006570
1662557400,20.399,22.188,20.378,21.861,5632010
1662643800,21.447,23.47,21.173,23.45,5286330
1662730200,24.941,26.221,24.514,26.197,9160690
1662989400,26.321,26.799,25.012,26.298,8997670
1663075800,24.185,24.6345,22.952,23.125,8110920
1663162200,23.01,23.125,22.135,22.599,5403340
1663248600,22.29,23.67,21.605,21.694,8431640
1663335000,21.152,21.505,20.322,20.634,9950880
1663594200,19.9265,20.709,19.632,20.62,8183900
1663680600,20.0,20.15,19.342,19.66,7614990
1663767000,19.831,20.833,19.404,19.592,6620970
1663853400,19.689,19.84299,18.623,19.232,7609670
1663939800,18.87,19.192,18.349,19.145,5995340
1664199000,19.182,20.55,19.15,20.018,5853850
1664285400,21.284,21.922,20.1,20.607,6753890
1664371800,20.76,22.186,20.75,22.047,4655660
1664458200,21.425,21.631,20.555,21.182,3966690
1664544600,20.851,22.604,20.711,21.226,4007630
1664803800,21.39,22.842,21.214,22.452,4334900
1664890200,23.584,24.912,23.5,24.874,6507140
1664976600,24.094,24.575,23.244,24.219,5250630
1665063000,24.219,24.91662,23.62501,24.167,2701920
1665149400,23.4,23.6,21.766,22.03,3725930
1665408600,21.962,23.186,21.526,22.065,3709440
1665495000,22.121,22.72639,21.2205,21.637,3473030
1665581400,21.818,21.887,20.551,21.838,2681690
1665667800,20.148,22.3,19.8125,22.054,5923480
1665754200,22.334,22.879,20.743,20.931,3895220
1666013400,22.0,22.627,21.881,22.113,3344100
1666099800,23.02,23.531,21.964,23.5,6103150
1666186200,22.808,23.449,22.3959,22.608,2713050
1666272600,22.823,23.489,21.922,22.101,2675500
1666359000,21.855,23.443,21.649,23.262,3625540
1666618200,23.3,24.49399,22.636,23.76,3514400
1666704600,24.0,27.0,24.0,26.869,6402420
1666791000,26.955,29.0,26.688,27.272,6663070
1666877400,27.673,27.9,26.50001,27.056,2472870
1666963800,26.919,28.093,26.461,27.999,4324970
1667223000,27.89,28.38799,26.045,26.751,3519890
1667309400,27.595,27.84477,25.719,25.72,3113150
1667395800,25.889,27.879,24.551,24.823,6426660
1667482200,24.201,26.14,24.136,24.844,2618190
1667568600,26.112,27.735,25.06333,27.71,6713380
1667831400,27.141,27.38,26.0,26.664,3760250
1667917800,24.8,26.664,19.351,21.184,31238360
1668004200,19.5,20.906,16.85,17.036,27418980
1668090600,18.9,19.83799,17.2925,17.5,19091970
1668177000,16.252,17.81009,15.53,17.518,16441340
1668436200,17.131,17.91,16.435,16.59,7970120
1668522600,17.4,17.747,16.513,17.153,7028020
1668609000,16.353,17.048,16.0,16.944,6818890
1668695400,16.565,17.54997,16.21301,17.388,5065630
1668781800,17.7,17.71475,16.213,17.012,8229710
1669041000,16.5,17.06542,15.23404,15.722,9076520
1669127400,16.0,16.8,15.556,16.708,5856080
1669213800,16.845,17.672,16.621,17.639,4802050
1669386600,17.203,18.3,17.202,18.3,2634160
1669645800,17.872,18.143,16.916,17.667,6600890
1669732200,18.02,18.251,17.56389,18.2,5439660
1669818600,18.92,19.832,18.1,19.809,6612090
1669905000,19.719,20.6531,19.6,19.898,4235790
1669991400,19.568,21.149,19.5342,20.694,5933160
1670250600,20.85,21.073,18.725,19.567,7714380
1670337000,19.46,19.784,18.739,19.552,3850100
1670423400,19.261,19.897,19.028,19.349,2965340
1670509800,19.45,20.32705,19.023,20.257,3168970
1670596200,20.101,20.348,19.6421,20.325,4064450
1670855400,19.9,20.0485,19.47901,19.616,4076850
1670941800,20.645,21.184,19.552,20.181,4386090
1671028200,20.3,21.37799,20.191,20.273,5290560
1671114600,19.75,19.901,18.6,18.8,4411060
1671201000,18.376,18.564,17.233,17.375,7227350
1671460200,17.231,17.884,16.838,17.021,3684250
1671546600,17.037,17.543,16.7995,16.885,3059410
1671633000,16.901,17.2065,16.664,16.882,2184210
1671719400,16.83,16.83,16.092,16.623,4333190
1671805800,16.554,16.759,16.054,16.267,2859220
1672151400,16.0,16.007,14.568,14.774,7128000
1672237800,14.7,15.109,13.7905,13.809,6919960
1672324200,13.89,14.3,13.377,13.663,7156660
1672410600,13.382,14.209,13.256,14.157,7033920
1672756200,14.567,14.652,13.938,14.502,6283090
1672842600,14.68,16.5695,14.59,16.506,10103000
1672929000,16.054,16.054,14.977,15.656,4091780
1673015400,15.261,16.189,14.71,16.045,4929030
1673274600,17.0,18.187,16.54,17.501,7146340
1673361000,17.435,19.097,16.9995,19.0,6523910
1673447400,18.9,19.645,18.411,19.476,6658680
1673533800,20.365,21.343,18.931,21.017,9960060
1673620200,20.6,22.217,20.2695,21.697,8456590
1673965800,23.2,23.967,22.275,23.592,10863050
1674052200,23.7,24.203,20.962,22.119,11377710
1674138600,21.677,22.78699,21.449,22.145,4942090
1674225000,22.419,24.187,21.903,24.003,7299350
1674484200,24.095,25.05,23.5765,25.0215,7275510
1674570600,24.7,25.102,24.185,24.75,3157090
1674657000,24.04,24.7523,23.215,24.584,3746450
1674743400,25.303,25.499,23.699,24.532,4122960
1674829800,24.0,26.21,24.0,25.836,6292430
1675089000,25.235,25.885,23.942,24.569,5340370
1675175400,24.9,25.776,24.8,25.173,3787770
1675261800,25.1,27.36,24.425,26.792,6554390
1675348200,27.5,30.28999,27.486,29.213,10414570
1675434600,27.911,30.34,27.83829,28.476,6303410
1675693800,27.431,28.62299,27.11621,28.205,4206170
1675780200,27.975,28.733,27.03801,28.387,5013380
1675866600,28.243,29.04085,27.166,27.596,3155670
1675953000,27.601,27.761,24.558,24.904,7268130
1676039400,24.6,25.259,24.101,24.337,4362360
1676298600,23.903,25.065,23.65415,24.925,2894020
1676385000,25.102,27.678,24.40005,27.114,6728240
1676471400,27.558,29.973,27.20901,29.84,7142870
1676557800,29.6,31.5,28.284,28.403,9707410
1676644200,28.329,29.741,27.385,29.405,5529080
1676989800,28.624,29.074,26.754,26.992,5714610
1677076200,26.638,27.348,26.244,26.858,4214390
1677162600,27.095,27.559,26.159,26.575,3014980
1677249000,26.142,26.205,24.887,25.58,5035390
1677508200,26.359,26.971,25.58279,25.865,3494180
1677594600,25.979,26.975,25.604,26.227,4006030
1677681000,26.388,26.8549,25.334,25.791,3452190
1677767400,24.899,25.38699,24.167,25.289,4928470
1677853800,24.02,25.2335,23.685,24.691,7603800
1678113000,24.935,25.204,23.705,23.745,4770120
1678199400,23.6,24.1,23.093,23.144,4935570
1678285800,23.04,23.494,22.7,23.272,4701420
1678372200,23.035,23.143,21.011,21.082,8241850
1678458600,20.575,20.758,18.83,19.201,13303190
1678714200,20.202,22.962,19.635,22.316,15329550
1678800600,23.908,24.441,22.209,22.947,11303530
1678887000,22.7,23.498,21.653,22.755,6895420
1678973400,22.518,24.51077,22.327,24.108,7700610
1679059800,25.553,27.4,24.901,26.766,20223820
1679319000,28.043,28.173,25.837,26.396,12524220
1679405400,26.899,27.89299,26.06501,27.338,8810990
1679491800,27.6,27.80914,24.601,24.686,11129510
1679578200,24.901,27.1,24.804,26.333,11249500
1679664600,25.914,26.34799,24.731,25.667,6569940
1679923800,25.986,26.02103,23.072,23.896,11330900
1680010200,23.677,24.8535,23.25,24.826,6721260
1680096600,25.78,28.542,25.545,28.403,10108520
1680183000,28.79,28.85,27.457,27.923,7080720
1680269400,28.346,29.53995,28.0,29.232,10379820
1680528600,29.099,30.09999,28.816,29.739,7653750
1680615000,29.958,30.136,28.57429,29.898,6234570
1680701400,30.345,30.7,28.351,29.084,8123880
1680787800,28.651,29.548,27.837,29.01,4261230
1681133400,29.0,31.294,28.5,31.278,10025750
1681219800,32.191,33.782,31.8095,33.235,14267460
1681306200,33.425,33.5745,31.83401,32.283,8812480
1681392600,33.042,34.5,32.7,34.072,11131720
1681479000,34.285,34.763,32.461,33.375,8720870
1681738200,32.173,32.247,31.22,31.303,7702240
1681824600,32.5,33.4,32.4,32.985,10000520
1681911000,31.988,32.19909,31.29,31.472,6234660
1681997400,31.027,31.29,29.227,29.471,8256390
1682083800,29.734,30.05,28.774,29.102,6576180
1682343000,29.103,29.79532,28.3,28.533,5676380
1682429400,28.236,29.689,28.015,29.091,5699510
1682515800,31.05,32.164,29.63,29.946,10820420
1682602200,30.651,31.888,29.60101,31.864,10165150
1682688600,31.304,32.898,30.809,32.838,7607300
1682947800,32.0,32.33591,30.42361,30.747,9055130
1683034200,31.014,33.29265,30.513,32.801,13733020
1683120600,32.049,32.189,30.168,30.425,11930080
1683207000,31.115,32.119,30.75,31.2235,7150600
1683293400,31.3,32.87199,31.2,32.672,9082140
1683552600,31.115,31.1745,29.4,29.467,10429910
1683639000,29.751,31.0,28.963,30.343,7220480
1683725400,31.324,32.565,30.5,31.511,12951620
1683811800,31.135,31.135,28.476,28.737,15422380
1683898200,28.49,28.659,26.651,27.1,10850520
1684157400,28.0,28.688,27.6,28.25,6507190
1684243800,27.75,28.29999,27.23713,27.344,4653910
1684330200,27.149,29.105,26.92603,29.057,6113140
1684416600,28.9,29.721,28.00112,28.758,6696310
1684503000,29.09,29.196,28.2575,28.828,3731810
1684762200,28.778,29.706,28.602,29.412,5910290
1684848600,29.919,30.12,28.826,28.933,6432840
1684935000,28.2,28.69479,27.663,28.443,8064370
1685021400,28.791,28.884,27.285,28.099,8783670
1685107800,27.98,29.489,27.92,28.51,6549840
1685453400,30.01,31.364,29.675,29.927,9466350
1685539800,29.401,30.277,28.9,30.163,6233890
1685626200,29.85,30.7725,29.56418,29.994,5488980
1685712600,30.527,30.6,29.064,30.213,7264640
1685971800,29.447,29.696,27.12,27.636,14040080
1686058200,27.0,30.4565,26.655,29.882,18779480
1686144600,29.882,30.227,28.8,29.081,6755490
1686231000,28.969,29.7244,28.357,29.093,4855700
1686317400,29.35,29.576,28.0505,28.233,5678550
1686576600,27.9125,28.166,27.5,27.77,3715460
1686663000,28.43,28.488,27.495,28.382,4436330
1686749400,28.411,28.615,27.673,28.288,3997060
1686835800,27.415,28.138,26.6,27.792,7857330
1686922200,28.499,29.8,28.096,29.339,14232820
1687267800,30.0,31.518,28.969,31.34,18939290
1687354200,32.4,33.8,32.031,33.131,19270040
1687440600,33.249,33.745,31.313,32.723,11363630
1687527000,32.7,33.7,31.73,32.911,15618860
1687786200,32.4,32.86,30.1085,30.574,11272830
1687872600,31.23,32.799,31.1527,32.488,8773320
1687959000,31.991,33.28099,31.845,32.561,6590810
1688045400,33.564,34.07867,32.85,34.0255,8574150
1688131800,34.997,35.275,32.226,34.242,15255080
1688391000,34.7,37.827,34.599,37.784,11065030
1688563800,36.701,38.29899,35.90958,37.811,11868040
1688650200,38.059,38.501,36.2,37.655,8927160
1688736600,37.359,39.2,37.359,38.074,9417660
1688995800,38.117,40.801,37.00466,40.771,9976080
1689082200,40.1,41.5,39.692,41.23,12049000
1689168600,41.8,42.098,40.524,41.349,9236360
1689255000,41.8,46.699,41.278,46.183,20782770
1689341400,45.546,47.50916,44.718,45.886,17243520
1689600600,45.7195,46.7,44.435,44.988,8633140
1689687000,44.948,45.4,43.5,44.5795,7836350
1689773400,45.177,46.16,44.67628,45.31,5501830
1689859800,45.521,46.131,43.52,44.083,6317190
1689946200,44.191,44.5875,42.655,43.665,5634130
1690205400,42.764,43.18699,41.293,43.0935,6554870
1690291800,43.094,44.2415,43.021,43.682,4478510
1690378200,43.682,44.793,43.628,44.346,5300490
1690464600,45.1,45.246,42.417,42.615,5655130
1690551000,43.4,43.874,42.484,43.461,4642400
1690810200,44.0,44.284,43.22,43.788,4869690
1690896600,43.0,43.8,42.088,43.498,6685650
1690983000,43.498,43.7,40.118,40.733,10559400
1691069400,40.001,40.23699,38.76245,38.991,6531920
1691155800,39.001,39.576,37.445,37.697,5511530
1691415000,37.103,37.356,35.77,37.082,6962510
1691501400,38.0,39.59999,37.472,38.948,7719070
1691587800,39.597,39.65,37.6,37.784,5120890
1691674200,38.032,39.006,37.20056,37.801,4113720
1691760600,37.801,38.8,37.21,38.431,3342830
1692019800,38.157,39.26,37.52764,38.883,3824110
1692106200,38.904,39.269,37.583,37.615,4184080
1692192600,37.346,37.728,36.626,36.967,3136210
1692279000,36.16,36.55899,34.537,34.679,8060740
1692365400,33.149,33.858,32.229,32.862,11012230
1692624600,33.029,33.69839,32.50201,33.525,4172150
1692711000,34.148,34.52345,32.8,32.951,3826540
1692797400,33.0,35.05247,32.75,34.64,5205820
1692883800,34.892,34.95,33.245,33.656,5077330
1692970200,33.968,34.49999,32.9031,33.605,3665040
1693229400,33.936,35.038,33.8545,34.437,3532920
1693315800,34.223,38.79928,34.193,38.152,15281690
1693402200,37.51,37.732,36.76,37.168,6051030
1693488600,37.51,37.56658,35.424,35.753,6051440
1693575000,35.754,36.094,34.663,35.148,4068490
1693920600,35.148,35.3971,34.4575,34.925,3007750
1694007000,34.95,35.9,34.52608,35.07,5725360
1694093400,34.65,35.682,33.784,35.307,4927310
1694179800,35.242,35.628,34.7,35.628,4593970
1694439000,35.5,35.661,33.6,34.268,7536580
1694525400,35.5,36.76,34.5299,34.776,7655360
1694611800,34.73,35.25614,34.06,34.184,4786260
1694698200,35.0,36.199,34.604,34.64,6700320
1694784600,34.64,34.64,33.636,34.078,4987990
1695043800,35.125,35.63299,33.899,34.062,5781360
1695130200,34.411,35.0195,33.35,33.926,5578400
1695216600,34.35,34.434,33.304,33.347,3833920
1695303000,32.58,32.86617,32.15934,32.606,3660060
1695389400,32.475,32.814,32.05666,32.281,2834370
1695648600,31.95,32.761,31.564,32.76,3850920
1695735000,32.4,32.9,31.717,31.73,3856730
1695821400,32.262,32.69,31.01,31.563,3875850
1695907800,31.98,33.75525,31.565,32.892,6431960
1695994200,33.272,33.448,32.49,32.828,3919740
1696253400,34.657,35.284,32.75201,32.949,8535110
1696339800,32.39,32.6,31.1,31.133,6452520
1696426200,31.485,32.393,30.71101,32.04,4937570
1696512600,32.379,32.8,31.51809,32.342,4105790
1696599000,32.0,34.17816,31.91718,34.063,4731500
1696858200,33.153,34.424,33.143,34.045,3807170
1696944600,34.124,34.647,33.701,34.046,3866720
1697031000,33.86,34.027,33.035,33.461,3065040
1697117400,33.5,33.5,32.086,32.36,4451090
1697203800,32.762,32.762,31.425,31.822,3971020
1697463000,33.8,35.3,32.105,32.58,12584180
1697549400,32.134,34.09093,32.134,33.541,6150970
1697635800,33.589,33.8255,32.646,32.914,3686670
1697722200,33.072,34.878,32.814,34.235,5355780
1697808600,35.365,36.2,34.421,34.804,8763610
1698067800,35.535,38.39,34.609,37.749,12814720
1698154200,40.839,43.899,40.127,42.487,22467300
1698240600,43.479,44.949,42.511,43.322,12600930
1698327000,42.0,43.0,40.623,41.345,10068990
1698413400,42.0,42.146,39.8203,40.676,7335610
1698672600,42.3,43.465,41.0,42.022,8258380
1698759000,41.65,42.37699,41.00501,42.339,6153510
1698845400,42.962,43.0,41.236,42.667,7521800
1698931800,44.048,45.405,42.4,45.363,11843380
1699018200,44.498,46.419,44.14,45.395,9453060
1699281000,46.102,47.29899,45.101,45.963,7827090
1699367400,45.4,47.487,44.9,47.355,7247720
1699453800,46.908,47.86,45.849,47.45,7894020
1699540200,49.829,53.521,48.589,49.407,21138910
1699626600,50.4,51.3315,49.4535,50.918,9471700
1699885800,50.2,50.6895,48.677,50.488,9250560
1699972200,50.67,50.699,46.0,48.0,16619420
1700058600,48.634,50.928,48.067,50.595,14501570
1700145000,49.4,50.277,48.297,48.908,11463910
1700231400,49.265,49.591,48.339,48.622,7507970
1700490600,49.201,51.25199,49.201,50.853,10603370
1700577000,49.799,50.314,48.453,49.304,7955770
1700663400,49.4,50.944,48.108,50.788,7339860
1700836200,51.0,52.67899,50.553,52.024,9074130
1701095400,50.575,51.48,49.53,49.538,10555310
1701181800,50.512,51.527,49.825,50.587,8876760
1701268200,50.798,51.35,49.7,50.71,6569290
1701354600,49.8,50.499,48.73139,49.83,7405150
1701441000,50.353,52.98,50.337,52.768,14040620
1701700200,56.7,57.777,55.0,56.322,17529610
1701786600,56.6,58.99,56.33837,57.75,14467820
1701873000,58.512,58.6555,56.6135,56.8885,9565710
1701959400,55.72,57.806,55.21,57.109,5735730
1702045800,57.348,59.939,57.281,59.939,9530730
1702305000,57.411,57.788,54.61789,55.58,13410620
1702391400,56.0,56.697,54.901,55.832,7119300
1702477800,55.759,58.6,55.229,58.6,9699550
1702564200,58.8,59.0,57.565,58.237,9166930
1702650600,57.5,57.523,56.465,57.041,9880310
1702909800,56.11,57.9,55.9,57.19,8503280
1702996200,58.35,59.041,56.451,57.13,8737940
1703082600,58.977,59.95693,57.21,57.347,13784750
1703169000,58.81,59.13199,57.44,58.195,7159260
1703255400,58.196,62.258,57.87,61.924,12619800
1703601000,60.949,61.555,59.649,60.389,12047090
1703687400,61.38,67.382,61.201,67.071,21272510
1703773800,65.469,68.935,65.3515,66.788,15807680
1703860200,67.483,68.0,61.717,63.162,15818040
1704205800,69.249,72.777,68.00001,68.515,22074410
1704292200,64.322,65.855,62.53,63.106,18805690
1704378600,63.86,66.8,62.845,65.581,11192720
1704465000,64.871,65.403,63.003,63.108,9323070
1704724200,64.0,64.688,58.652,59.801,25142550
1704810600,60.0,60.278,57.12501,57.729,14346430
1704897000,56.668,58.69999,55.38411,56.567,16409460
1704983400,59.899,61.1,53.03,53.618,25703910
1705069800,52.502,52.589,48.1,48.553,27402780
1705415400,47.9,48.948,46.7,48.214,16453490
1705501800,47.423,49.91,47.423,49.9,9765870
1705588200,50.0,52.2,47.785,48.66,16604920
1705674600,48.45,48.72,46.5,48.1,11771730
1705933800,46.8,48.39599,45.539,47.019,11431450
1706020200,45.0,45.98171,43.874,45.019,11716070
1706106600,46.0,46.2,44.505,45.099,8232670
1706193000,45.232,46.4,44.58892,45.778,6608460
1706279400,47.0,50.095,46.475,49.45,14660400
1706538600,50.0,52.497,49.021,51.381,13648890
1706625000,51.698,52.57999,50.764,51.951,7388130
1706711400,50.8,52.789,49.94275,50.121,9379630
1706797800,50.18,51.506,49.59601,50.348,6280830
1706884200,49.725,50.9,49.10001,50.01,6098000
1707143400,50.2,50.348,48.2,49.06,8599300
1707229800,49.33,50.91923,49.312,49.8,6898740
1707316200,49.947,50.863,46.749,50.801,10997480
1707402600,53.0,58.846,52.505,58.781,22631100
1707489000,62.74,64.89,61.4115,64.632,24684570
1707748200,65.199,72.527,65.017,71.752,23099730
1707834600,67.5,70.12199,65.555,68.602,13914530
1707921000,74.6,77.484,73.4165,76.988,20704740
1708007400,79.244,80.678,70.75139,71.8,23827690
1708093800,73.5,74.0,68.938,69.956,13407110
1708439400,71.079,72.198,67.027,70.498,9680050
1708525800,68.43,68.538,66.42565,67.28,7033060
1708612200,68.37,72.32499,67.999,71.315,10425120
1708698600,69.901,70.4285,67.806,68.744,7392840
1708957800,68.794,80.99499,68.794,79.648,22695290
1709044200,86.61,89.0,84.176,87.18,22747610
1709130600,95.2,100.888,91.55,96.295,48388190
1709217000,99.9,104.0,96.04436,102.284,35206030
1709303400,99.6,108.0,99.2,107.939,26964360
1709562600,120.0,135.991,119.001,133.401,54249890
1709649000,124.419,133.77899,103.506,105.101,57366280
1709735400,114.0,128.555,113.1101,124.621,36939990
1709821800,128.498,132.104,122.5,130.002,21677160
1709908200,132.804,145.173,128.36639,142.559,37417740
1710163800,155.0,165.706,147.735,148.423,41024230
1710250200,154.4,159.497,143.80022,159.335,35488650
1710336600,166.0,177.4,162.0,176.615,37759450
1710423000,170.801,174.6,155.077,167.685,49867590
1710509400,160.001,181.5,157.0,178.236,44749940
1710768600,171.845,173.49001,144.501,150.276,45111200
1710855000,132.607,145.0,123.012,141.75,44644130
1710941400,142.301,154.99999,136.301,154.652,33314320
1711027800,159.412,170.43635,158.102,159.929,31589810
1711114200,152.0,159.449,149.0,152.3,20836180
1711373400,160.5,187.365,159.442,185.6,38840270
1711459800,188.243,190.95,179.2,187.699,23938900
1711546200,195.3,199.999,184.20001,191.916,26226090
1711632600,194.3,198.9,164.5515,170.456,45559140
1711978200,164.501,169.019,158.656,163.674,19929540
1712064600,149.2,159.229,146.29429,157.883,18545840
1712151000,158.001,169.949,156.83201,160.611,19772450
1712237400,169.298,173.972,161.01001,161.542,20171340
1712323800,157.0,167.425,143.2,143.9,22739950
1712583000,160.21,162.378,149.12001,151.299,20573630
1712669400,147.81,148.01672,137.5,144.102,16716660
1712755800,138.75,156.6,137.377,156.6,19391880
1712842200,154.3,157.837,151.009,155.181,14385910
1712928600,153.5,153.782,143.3,147.958,12905640
1713187800,147.0,148.997,132.105,133.588,16125420
1713274200,130.602,132.85,121.51501,125.403,17292290
1713360600,125.8,126.422,113.199,118.805,20373970
1713447000,119.2,128.788,116.843,120.816,17696710
1713533400,123.7,125.86499,116.6241,117.411,14746540
1713792600,120.9,134.7902,120.8,132.401,19410690
1713879000,131.1,139.44505,129.889,133.864,10478460
1713965400,132.701,134.5,126.0,126.567,9511860
1714051800,122.6,126.772,120.11398,124.041,7734030
1714138200,122.5,128.597,120.401,128.238,8814620
1714397400,125.0,130.84158,122.842,129.297,10130730
1714483800,119.901,121.542,106.317,106.503,24936030
1714570200,101.553,110.9325,101.0,102.827,19248840
1714656600,105.5,114.23019,104.17619,112.942,15402250
1714743000,120.101,124.2,117.282,122.301,15609620
1715002200,127.385,133.9,126.01,126.881,13870320
1715088600,127.82,131.89999,125.13,125.745,9967680
1715175000,119.839,125.98977,119.0,123.312,8590160
1715261400,123.0,130.3,120.099,126.364,10533700
1715347800,128.999,130.199,117.853,118.048,14038440
1715607000,121.794,126.41512,120.3,124.596,8757250
1715693400,122.648,129.869,122.648,129.763,9267860
1715779800,137.96,152.034,135.109,150.347,20586430
1715866200,149.41,151.89,143.545,143.998,13655550
1715952600,150.098,158.49999,146.9,158.45,16529320
1716211800,159.7,172.896,155.142,172.724,16716970
1716298200,173.0,174.0,164.5,165.542,12977510
1716384600,166.3,171.8,162.015,164.7,10339300
1716471000,166.921,167.0,153.03257,154.407,11588110
1716557400,154.0,168.4995,152.8,168.484,12068560
1716903000,165.0,169.155,161.00201,167.535,10799360
1716989400,165.0,165.907,161.118,161.87,7344250
1717075800,165.3,171.499,153.1955,154.1,14776450
1717162200,159.7,161.482,144.2,152.449,22153560
1717421400,160.1,165.6,156.04166,162.741,11222360
1717507800,161.742,169.7,161.5,163.877,13229510
1717594200,167.5,171.784,163.62401,169.469,10955850
1717680600,169.859,173.46977,164.705,165.663,11622910
1717767000,167.102,171.77,158.5,159.62,12626880
1718026200,157.501,164.776,156.02903,159.992,7264600
1718112600,154.2,156.415,148.66,155.549,11411820
1718199000,162.0,169.271,159.1765,160.367,13681250
1718285400,156.33,157.376,144.101,148.388,21107660
1718371800,150.5,153.8,146.151,149.554,13790090
1718631000,149.98,156.901,142.11687,150.726,12076360
1718717400,145.793,151.095,144.6,146.943,8933680
1718890200,148.211,150.559,142.206,146.54,9097600
1718976600,142.0,149.105,140.902,148.376,11494630
1719235800,139.8,144.88997,132.55414,137.215,16080740
1719322200,141.377,149.9,139.33906,149.574,13627970
1719408600,147.229,150.5015,144.5,145.773,7501750
1719495000,148.5,153.89999,146.35,152.54,9307670
1719581400,151.642,151.9,136.702,137.748,34113490
1719840600,141.0,143.595,136.308,136.597,14129320
1719927000,136.551,138.4405,130.657,132.019,9229110
1720013400,129.8,132.8,127.34707,130.209,6659400
1720186200,121.55,129.917,120.232,128.172,15029080
1720445400,131.453,132.5,125.87817,129.058,8736390
1720531800,131.388,132.0,127.8085,130.177,8968510
1720618200,131.97,134.5,129.6,130.572,6387290
1720704600,139.6,143.2,132.9235,135.856,13548930
1720791000,133.92,143.54044,132.419,139.676,10640830
1721050200,152.4,163.89999,149.24254,161.128,24670830
1721136600,161.5,167.5784,157.6395,166.43,15809620
1721223000,161.1,167.40799,153.0,159.0,17211670
1721309400,163.39,163.7,151.625,155.516,10236330
1721395800,157.34,178.5,156.50001,177.85,20458260
1721655000,178.402,181.06621,173.613,180.009,15391120
1721741400,176.399,179.8,171.50201,172.177,10746610
1721827800,175.0,176.952,166.702,167.269,13773770
1721914200,161.65,167.7855,150.766,160.647,14772330
1722000600,170.0,177.697,168.601,175.271,14137670
1722259800,181.999,183.7,167.12749,168.485,12801620
1722346200,168.799,169.49999,159.24901,160.407,9154800
1722432600,164.603,168.5,160.85515,161.444,7533810
1722519000,161.5,163.436,148.202,151.181,11930000
1722605400,148.581,159.14,141.71,144.799,14126190
1722864600,105.165,135.42699,102.402,130.9,22677550
1722951000,132.6,139.494,126.218,136.921,12260230
1723037400,140.878,142.158,124.013,124.685,10933850
1723123800,130.23,136.76,128.06,135.99,10378305
1723210200,135.89,136.685,129.55,135.37,7330433
1723469400,133.49,139.2129,129.22,131.46,6932336
1723555800,132.28,140.0,130.26,135.38,8123111
1723642200,136.37,137.4,129.33,130.37,8535928
1723728600,132.7,139.0,130.73,131.93,10856852
1723815000,133.25,136.32,126.59,133.04,11360411
1724074200,133.7,137.44,131.16,135.35,6595737
1724160600,139.735,141.36,130.63,133.69,11274578
1724247000,134.34,142.58,132.87,141.42,11774541
1724333400,141.39,141.78,133.69,133.81,7963436
1724419800,137.4,151.81,135.51,150.01,17791304
1724679000,148.12,152.35,146.6,146.9,10418753
1724765400,144.48,145.238,138.19,140.01,10943128
1724851800,138.16,138.4,130.73,132.09,8860102
1724938200,137.0,139.43,131.0,132.56,8431380
1725024600,134.0,135.2499,128.3,132.42,7802999
1725370200,132.0,132.73,122.19,122.32,8258810
1725456600,120.25,125.98,117.9401,124.85,8191094
1725543000,122.35,126.83,119.43,119.57,6066645
1725629400,122.93,124.69,113.69,114.3,8795527
1725888600,118.93,125.2289,117.5003,124.82,9771186
1725975000,123.0,129.82,121.55,129.64,7738025
1726061400,124.805,131.0,121.3,129.28,8731203
1726147800,129.0,134.1,127.2723,130.77,6052392
1726234200,131.1,143.0,129.84,141.47,12239123
1726493400,137.02,137.88,132.67,134.53,8765884
1726579800,138.37,140.16,128.8209,131.27,21043391
1726666200,130.44,139.49,128.51,132.67,16345621
1726752600,140.45,148.96,139.62,144.66,20177336
1726839000,144.39,148.03,141.64,144.78,12332317
1727098200,147.48,151.59,145.0149,149.97,10090260
1727184600,150.16,154.33,146.7074,153.88,9365235
1727271000,152.3,157.88,151.5,151.94,7839376
1727357400,157.63,167.51,156.3806,165.98,17068474
1727443800,170.48,179.6,168.305,176.22,17321178
1727703000,168.63,175.5064,167.314,168.6,13443437
1727789400,168.52,169.4299,157.02,162.69,14103324
1727875800,160.51,173.88,159.16,164.64,12557459
1727962200,163.39,165.86,157.82,163.41,8814224
1728048600,166.72,176.55,163.9651,176.51,14069711
1728307800,179.71,191.99,178.8,186.09,19825952
1728394200,186.1,198.49,184.45,192.2,20984756
1728480600,189.77,198.3899,185.25,188.91,13445318
1728567000,191.89,192.2,178.0,183.34,15937522
1728653400,188.5,212.81,187.41,212.59,29933775
1728912600,224.48,227.15,201.43,201.67,31736611
1728999000,206.73,211.1599,189.7,194.31,23114601
1729085400,199.9,200.615,191.96,194.09,12434577
1729171800,192.8,198.88,185.81,193.42,11414281
1729258200,197.59,218.65,197.1,215.86,22814822
1729517400,214.49,223.15,208.45,219.05,18028627
1729603800,216.21,221.4,212.084,219.7,13758062
1729690200,215.08,222.85,204.91,213.95,17025503
1729776600,220.09,236.29,218.25,235.89,23221545
1729863000,236.385,245.5657,227.75,234.34,25093205
1730122200,244.64,259.5,242.77,255.34,23181974
1730208600,264.25,267.89,251.24,258.24,25958545
1730295000,246.5,255.8,239.0,247.31,20593324
1730381400,251.12,252.88,237.0,244.5,21954122
1730467800,245.33,255.75,225.93,229.71,26258857
1730730600,226.97,231.68,220.82,222.99,13438764
1730817000,233.34,243.4563,225.43,227.8,17993882
1730903400,260.0,261.2,242.69,257.81,26270427
1730989800,256.8,280.8007,252.7,270.81,23931687
1731076200,275.575,279.3799,262.6,270.42,18764220
1731335400,297.0,351.73,293.3,340.0,47315730
1731421800,334.77,360.89,325.5,356.59,39705753
1731508200,366.98,383.4,321.7,328.38,46238500
1731594600,341.77,348.0,318.62,327.67,26605694
1731681000,336.6,349.94,324.1,340.65,25841965
1731940200,345.415,388.4899,339.375,384.79,32745915
1732026600,389.5,449.0,381.0,430.54,50954502
1732113000,463.4,504.83,457.3024,473.83,70212633
1732199400,535.63,543.0,371.8401,397.28,100443991
1732285800,403.6,453.0,393.1,421.88,55935009
1732545000,440.75,440.75,383.8,403.45,40180421
1732631400,382.78,402.9999,338.6701,353.69,47891004
1732717800,384.29,397.66,372.5,388.84,34921206
1732890600,405.75,417.6193,381.0,387.47,21987618
1733149800,393.64,398.7899,374.36,380.3,23404298
1733236200,367.85,393.1227,362.67,373.43,22817455
1733322600,380.0,409.97,365.6,406.0,29862186
1733409000,440.12,444.9447,379.35,386.4,46189812
1733495400,395.29,405.0,384.02,395.01,26206157
1733754600,394.0,399.8,363.44,365.34,22606091
1733841000,373.37,379.8,356.05,377.32,20139878
1733927400,385.66,412.6799,385.5,411.4,27594366
1734013800,413.71,415.8043,386.11,392.19,21074260
1734100200,400.07,409.71,388.88,408.67,21536882
1734359400,424.87,437.6099,406.455,408.5,31099439
1734445800,413.45,415.68,386.01,386.42,21821974
1734532200,386.0,390.32,338.0,349.64,24422921
1734618600,365.44,367.5,323.48,326.46,26922884
1734705000,319.37,364.88,317.0,364.2,44889882
1734964200,358.0,359.7411,329.08,332.23,21742486
1735050600,343.5,361.0,342.7,358.18,16377781
1735223400,350.305,351.7999,340.0,341.05,13295118
1735309800,342.3,342.705,323.2,330.0,13778471
1735569000,319.4,320.01,301.7489,302.96,25771230
1735655400,316.96,317.91,285.01,289.62,22486110
1735828200,300.11,310.8,292.315,300.01,17933875
1735914600,303.0,343.4,301.7663,339.66,25039041
1736173800,349.85,383.02,335.5,379.09,26707279
1736260200,366.47,371.28,335.3,341.425,24736771
1736346600,335.245,344.39,317.22,331.7,18274784
1736519400,330.31,337.0,317.91,327.91,16478719
1736778600,309.95,329.6,303.8,328.4,15914503
1736865000,343.0,354.9,331.3,342.17,17889530
1736951400,357.81,368.42,353.0129,360.62,19941337
1737037800,357.89,370.2588,345.8,367.0,14826626
1737124200,383.28,398.68,380.1528,396.5,24339148
1737469800,395.455,404.4173,367.76,389.1,26215758
1737556200,384.91,390.35,371.0498,377.31,16000314
1737642600,371.75,390.2,370.7,373.12,23306469
1737729000,377.665,378.11,351.0,353.67,22943783
1737988200,340.5,356.88,322.3,347.92,21224434
1738074600,344.68,348.9201,333.09,335.93,11461371
1738161000,338.195,343.63,329.33,341.25,11716796
1738247400,345.83,356.1147,338.5201,340.09,12607754
1738333800,340.11,352.71,332.0,334.79,15565985
1738593000,310.0,348.85,308.9,347.09,18207270
1738679400,341.195,353.79,340.45,348.31,12485965
1738765800,349.0,352.36,333.55,336.7,10973940
1738852200,338.7,344.5,320.71,325.46,12795184
1738938600,335.0,344.4,327.0,327.56,15049714
1739197800,333.5,340.38,328.3,334.62,10104081
1739284200,332.98,338.5,318.7,319.46,12017214
1739370600,315.96,331.17,314.19,326.82,9837883
1739457000,325.5,330.59,317.35,324.92,9848079
1739543400,325.15,344.89,323.7128,337.73,13912763
1739889000,337.35,340.49,326.785,333.97,10179752
1739975400,337.3,340.19,317.22,318.67,17043129
1740061800,323.73,327.83,314.95,323.92,12291749
1740148200,327.93,329.0,299.04,299.69,17930836
1740407400,304.0,304.04,276.395,282.76,17974948
1740493800,268.1,270.29,243.7,250.51,31379590
1740580200,245.39,264.46,244.01,263.27,19876850
1740666600,267.425,271.4552,239.48,240.05,18520303
1740753000,238.315,257.4999,231.92,255.43,22662629
1741012200,293.15,295.1,246.1,250.92,30575720
1741098600,240.28,293.04,237.0102,275.15,30130174
1741185000,278.305,311.28,271.77,308.55,26199769
1741271400,298.95,320.94,292.17,304.11,25309508
1741357800,298.145,310.44,281.44,287.18,22764487
1741613400,268.0,272.0,231.62,239.27,31478334
1741699800,245.0,263.0999,231.51,260.59,22076133
1741786200,264.6,269.7721,248.22,262.55,14328551
1741872600,262.0,270.405,253.76,263.26,13804685
1741959000,273.99,298.7,272.62,297.49,23714043
1742218200,292.15,296.8068,281.6,294.27,12998721
1742304600,283.2,290.99,272.5,283.19,15398200
1742391000,290.3,309.0832,287.12,304.23,19378788
1742477400,298.79,309.4,293.4,302.07,15058059
1742563800,295.7,306.39,293.0493,304.0,21773999
1742823000,316.14,336.77,311.36,335.72,23099744
1742909400,333.48,343.5899,329.5,341.81,15053724
1742995800,336.5,340.3399,319.73,329.31,16797178
1743082200,322.53,333.49,318.0,324.59,13838338
1743168600,318.38,320.8,289.25,289.41,21058915
1743427800,281.87,294.885,272.8,288.27,14866292
1743514200,293.53,307.6,280.6509,306.02,16780113
1743600600,297.86,319.47,296.98,312.54,16293825
1743687000,286.75,299.2249,276.03,282.28,18223003
1743773400,285.015,299.14,265.3022,293.61,24847129
1744032600,260.14,297.6,252.6,268.14,28449324
1744119000,278.15,282.8394,235.93,237.95,22952708
1744205400,242.015,302.34,241.69,296.86,38346353
1744291800,282.5,288.3119,261.37,272.34,19237822
1744378200,281.3,304.15,276.3001,299.98,21334111
1744637400,309.8,314.6,300.1,311.45,15635383
1744723800,312.22,319.75,306.81,310.72,11217784
1744810200,306.06,318.6,304.0,311.66,12847246
1744896600,313.89,320.0,306.0,317.2,13511095
1745242200,324.99,330.994,309.0,317.76,16053189
1745328600,328.705,348.9599,327.01,343.03,24036452
1745415000,354.7,355.83,339.0,345.73,16690664
1745501400,344.97,351.03,343.2401,350.34,10781381
1745587800,354.0,373.23,353.12,368.71,19338560
1745847000,373.29,373.66,354.53,369.25,11490917
1745933400,369.02,383.95,366.8,381.45,13038829
1746019800,373.775,384.0,362.3901,380.11,13762876
1746106200,392.29,403.9,381.03,381.6,16944133
1746192600,393.875,401.7,387.51,394.37,15947978
1746451800,383.33,391.93,374.2,386.53,14424129
1746538200,378.56,387.86,377.77,385.6,9695615
1746624600,393.8,396.35,388.26,392.48,10607553
1746711000,408.165,423.105,404.5,414.38,22135578
1746797400,420.0,430.3499,406.22,416.03,17161815
1747056600,420.92,422.04,400.83,404.9,16245468
1747143000,412.5499,422.55,404.12,421.61,12924974
1747229400,420.395,425.94,410.41,416.75,10722652
1747315800,411.7,415.36,394.14,397.03,14674666
1747402200,399.0,406.8965,389.01,399.8,12461115
1747661400,392.81,414.59,392.62,413.42,12821966
1747747800,413.5,417.85,406.1025,416.92,11532230
1747834200,415.92,423.34,395.5285,402.69,18698520
1747920600,413.2,426.32,398.91,399.46,16511372
1748007000,391.51,392.19,367.31,369.51,21448767
1748352600,381.115,381.3,364.18,372.2,14115975
1748439000,368.53,370.6523,358.5,364.25,9936835
1748525400,370.785,373.86,362.74,370.63,10217575
1748611800,369.0,372.56,359.155,369.06,12564026
1748871000,367.885,378.43,367.019,372.27,8102772
1748957400,379.4,391.0099,371.37,387.43,11351756
1749043800,385.8,386.12,375.66,378.1,8472192
1749130200,383.85,385.3799,364.3029,368.79,11957637
1749216600,377.4,380.6,369.71,374.47,9384245
1749475800,380.68,394.79,377.6,392.12,10924592
1749562200,393.24,394.0,383.6,391.18,7074796
1749648600,391.23,392.77,380.5,387.11,6812152
1749735000,378.4,391.22,373.9825,379.76,9423919
1749821400,375.225,383.56,370.62,382.87,9378928
1750080600,387.61,388.15,377.4,382.25,8105204
1750167000,375.255,378.48,367.0001,375.18,11218473
1750253400,371.43,374.9099,367.42,369.03,9200504
1750426200,372.75,376.1,365.11,369.7,12821792
1750685400,362.48,370.3,358.8,367.18,10614707
1750771800,373.68,384.3559,371.0,377.02,10174889
1750858200,384.83,389.49,379.31,388.67,10606562
1750944600,386.35,392.67,384.15,386.44,10202328
1751031000,385.225,397.99,383.41,383.88,18694416
1751290200,389.78,407.3901,384.25,404.23,13752875
1751376600,395.7,397.8746,372.91,373.3,17289648
1751463000,383.34,405.2986,379.88,402.28,17454404
1751549400,400.87,414.6,400.4,403.99,10013902
1751895000,402.635,405.64,395.2,395.67,8848175
1751981400,399.692,402.1999,393.21,396.94,7022739
1752067800,401.6,416.34,395.95,415.41,13065370
1752154200,412.565,422.3999,411.2,421.74,13208563
1752240600,430.54,438.84,423.5,434.58,18448533
1752499800,447.2,456.45,440.65,451.02,17952539
1752586200,445.22,456.66,441.0186,442.31,14315363
1752672600,448.31,457.22,445.56,455.9,10575446
1752759000,451.675,456.0,446.58,451.34,8901408
1752845400,451.72,454.33,422.22,423.22,19105360
1753104600,430.1,437.0,425.02,426.28,9984473
1753191000,428.845,433.94,413.6,426.4,10524157
1753277400,422.83,424.0,406.1001,412.67,12990043
1753363800,414.58,419.95,406.17,414.92,7407323
1753450200,405.67,410.95,402.2,405.89,8380224
1753709400,416.945,417.01,403.46,403.8,6996547
1753795800,405.96,407.0,390.4108,394.66,10580031
1753882200,396.78,404.39,392.59,395.04,7543791
1753968600,399.125,410.81,397.08,401.86,10467511
1754055000,390.405,392.64,365.7,366.63,21808902
1754314200,372.77,390.02,366.2001,389.24,12362382
1754400600,384.175,388.305,373.35,375.46,8467080
1754487000,374.75,384.42,373.001,383.41,7242638
1754573400,388.4,406.24,387.14,402.01,13051194
1754659800,397.6,409.65,389.03,395.13,11200116
1754919000,403.92,414.36,398.92,400.25,10394429
1755005400,400.5,401.67,390.14,394.39,8365108
1755091800,397.73,399.44,383.55,389.9,10884943
1755178200,380.0,381.0,365.0,372.94,16461651
1755264600,372.21,372.62,360.0322,366.32,13125281
1755523800,359.945,367.5658,358.01,363.6,9001954
1755610200,363.19,364.63,333.4,336.57,18254611
1755696600,339.38,345.5,325.56,344.37,13807212
1755783000,340.0,343.27,334.85,337.58,8398545
1755869400,335.2,359.53,332.61,358.13,17386939
1756128600,344.91,351.51,339.2109,343.2,10983426
1756215000,341.805,351.99,340.68,351.36,9144162
1756301400,348.68,351.77,341.84,342.06,8454295
1756387800,346.16,348.1699,336.65,338.84,8116129
1756474200,334.6,339.63,332.64,334.41,10162267
1756819800,334.93,348.6,331.57,341.62,11123010
1756906200,341.77,344.5,327.609,330.26,9180195
1756992600,330.0,332.56,317.7504,327.59,10529990
1757079000,334.81,337.2,320.0,335.87,14047603
1757338200,328.11,333.0967,321.5,329.9,9954514
1757424600,330.23,331.96,324.45,328.53,6587817
1757511000,332.8,340.01,321.956,326.45,9741359
1757597400,326.87,329.75,322.77,326.02,7506896
1757683800,329.15,336.1301,327.6,331.44,10809904
1757943000,329.4,331.33,320.45,327.79,9527674
1758029400,329.23,335.44,324.84,335.09,8651259
1758115800,335.66,340.11,323.205,329.71,9690985
1758202200,335.86,358.25,334.625,349.12,19697259
1758288600,347.45,352.92,337.07,344.75,17699698
1758547800,337.02,341.59,329.0,335.93,10053535
1758634200,337.06,339.0,327.77,327.78,9468789
1758720600,330.63,337.0599,323.14,323.31,9153097
1758807000,316.61,317.0,292.36,300.7,22086992
1758893400,301.3,310.0,297.71,309.06,11693362
1759152600,313.73,327.99,311.0,326.42,12652008
1759239000,320.835,324.4999,316.19,322.21,7798818
1759325400,332.47,343.73,331.2,338.41,13994829
1759411800,348.57,353.22,341.15,352.33,13666759
1759498200,350.865,358.54,344.4,351.63,12107918
1759757400,362.95,365.21,354.7,359.69,9550967
1759843800,358.88,359.44,328.16,328.4,19584106
1759930200,335.615,336.36,322.3,330.8,12996276
1760016600,327.4,328.99,318.22,320.29,11213175
1760103000,323.175,323.43,303.57,304.79,13643730
1760362200,306.67,315.95,300.59,315.47,11575024
1760448600,301.0,312.7099,297.34,300.67,11480498
1760535000,303.6,308.88,294.62,296.76,10625605
1760621400,299.9,301.58,282.19,283.84,13817949
1760707800,279.27,292.8,279.0,289.87,13110673
1760967000,297.21,306.16,294.4,296.61,9679688
1761053400,293.95,305.9899,291.52,301.91,7902814
1761139800,293.02,297.96,276.6,280.81,15129499
1761226200,285.47,289.07,278.0,284.92,9082117
1761312600,290.43,292.15,286.11,289.08,7881709
1761571800,299.5,299.8,293.0001,295.63,8135934
1761658200,295.14,297.2,284.25,284.64,7996793
1761744600,284.375,286.175,274.0,275.36,10184055
1761831000,269.985,271.365,254.0,254.57,15564196
1761917400,269.98,276.3199,263.0,269.51,14071785
1762180200,264.19,270.36,259.85,264.67,11074628
1762266600,255.16,258.21,245.86,246.99,15735129
1762353000,250.2,255.36,247.0201,255.0,9676192
1762439400,252.14,252.34,235.03,237.2,14468335
1762525800,222.66,243.7325,219.68,241.93,16976057
1762785000,249.68,249.96,234.6,238.88,9527228
1762871400,236.455,239.24,230.55,231.35,8340252
1762957800,233.9,234.84,219.8,224.61,10800418
1763044200,223.8,226.0,207.03,208.54,16474524
